Bug ID,Bug Fix Commit Hash,Date of Commit
OPENMEETINGS-1962,f2d91360b0dbaf1480126c98893c6fe7a96d1c48,2018-10-30T22:35:33+07:00
OPENMEETINGS-1720,1c3f765ee0c7f5c44ca5010ca6d8418f1a5cead7,2017-10-14T11:41:16+07:00
OPENMEETINGS-1720,3d1f10f6b4029df1596ca4f967d375296519a492,2017-10-13T18:39:45+07:00
OPENMEETINGS-1720,34697089933d60995b1bea5c537e062042a21f17,2017-10-13T18:39:07+07:00
OPENMEETINGS-1720,5e2dffb96a96c288efdb8888a04d689f78ebfb13,2017-10-13T18:21:32+07:00
OPENMEETINGS-1720,4225fdb5b9cb908bc282acc9b72936e20cbef13e,2017-10-13T12:34:48+07:00
OPENMEETINGS-1720,220e729a0a702801d7d63cc3067f081d562223f3,2017-10-13T10:34:04+07:00
OPENMEETINGS-1725,8c85876c0f06732410d900bfc8f3ee29e5b3f148,2017-10-20T21:49:53+07:00
OPENMEETINGS-1725,d921858321d791bcf4ca86c8842fefafa5d15ebd,2017-10-20T20:03:47+07:00
OPENMEETINGS-1726,20ceddfe560a37c3f37d52ace88b9b157498c176,2017-10-20T15:05:21+07:00
OPENMEETINGS-1727,0ee55c9837b1005a9aa9228f449f5b97c3350b90,2017-10-23T18:55:49+07:00
OPENMEETINGS-1727,42512905aa773f28604317add56361fb9b5620ac,2017-10-23T17:00:12+07:00
OPENMEETINGS-1727,737df6e873aac5f4968f280e29502df9b6a5c37e,2017-10-23T16:14:03+07:00
OPENMEETINGS-1727,49e95402b5fd0279a80086b436166662a267ab43,2017-10-23T13:01:56+07:00
OPENMEETINGS-1963,f54ca7d25d731da2d62e7ae4c4941696c61e6543,2018-11-14T18:37:57+07:00
OPENMEETINGS-1964,070b3e4a1c457844ab6b1bf98cec1d11e6730f05,2018-11-15T09:27:42+07:00
OPENMEETINGS-1724,8ff6b15c4bd1338c6dc463e941a909612f6f7d06,2017-10-23T21:38:11+07:00
OPENMEETINGS-1724,37bc6378497a3fdbcc257168e9106c82669b028e,2017-10-22T22:56:43+07:00
OPENMEETINGS-1724,715c251272c6a2dda9de6d323b741ccb39074d25,2017-10-22T22:54:34+07:00
OPENMEETINGS-1724,26c75a4113736536c8039ffd9f9b4dc36803da95,2017-10-20T15:40:11+07:00
OPENMEETINGS-1718,67686134ba453294725ac2f8e4f698cd62ccf07e,2017-10-09T10:43:17+07:00
OPENMEETINGS-1719,687415930cc6c81dbda3deef848f19b67168f7c1,2017-10-10T12:01:14+07:00
OPENMEETINGS-1719,fba7dcdbfdf903f6a77654d9b63b1e21f2e7f1db,2017-10-09T22:47:53+07:00
OPENMEETINGS-1719,1de99d21379980600af06d5b86606b70df58b312,2017-10-09T15:22:18+07:00
OPENMEETINGS-1957,cc63ec8a8ff2b44acd21e9b999a16eb37eba1ab2,2018-10-18T18:55:20+07:00
OPENMEETINGS-1715,58cf1917ed21b17fc05d8692efd754c97fe277e4,2017-10-04T17:22:15+07:00
OPENMEETINGS-1715,18b239bc2238aa88187b8f34a63a735ecc19ffaf,2017-10-04T15:57:15+07:00
OPENMEETINGS-1715,ce85e43d1c45b95ea94425d28c37abcb6a1aa464,2017-09-29T14:18:47+07:00
OPENMEETINGS-1715,2e4f591fce79b18276fd00f78cb3f08a45e89e23,2017-09-28T17:18:14+07:00
OPENMEETINGS-1717,9bb9c36507af5fe122aef5ea27507d2a1cee8a51,2017-10-19T18:16:23+07:00
OPENMEETINGS-1717,91f600601f64bcf1006cb96ae876404b3f041f2a,2017-10-10T15:48:50+07:00
OPENMEETINGS-1717,10e64c0474b6ab79f55033e52c369851516621d5,2017-10-09T13:45:39+07:00
OPENMEETINGS-1717,39cbb3e35c9400d0cc1783bb4012f402193baffb,2017-10-06T18:48:20+07:00
OPENMEETINGS-1717,efc1d2b8149b9452886574b9a08e12763e694655,2017-10-06T17:10:27+07:00
OPENMEETINGS-1952,d81de6cee21b14c9718482d977427606b9a75be8,2018-10-09T14:15:43+07:00
OPENMEETINGS-1952,63000825aa62613c9cec08cae96aae0f6e8446bb,2018-10-09T13:59:29+07:00
OPENMEETINGS-1952,74ee5f22a4f24ec17aa8c9d8aeb233c57af27434,2018-10-09T13:24:17+07:00
OPENMEETINGS-1710,d330858ea2406421142363d964519359a98b6c0a,2017-09-22T11:56:22+07:00
OPENMEETINGS-1953,f169dfb754d6b48c9395ddc0ac53f6ab66657bed,2018-10-09T20:22:47+07:00
OPENMEETINGS-1711,9f8fb35409213109b8078e28f0f7cd3906aa4b2a,2017-09-22T12:02:46+07:00
OPENMEETINGS-1712,a38d35a1121860e3205cb5c6c56f46a6de10fa3d,2017-09-27T10:43:58+07:00
OPENMEETINGS-1713,de5dd6a6a7b7cdffb652e5606840de8ed98df3cc,2017-09-25T12:36:08+07:00
OPENMEETINGS-1949,5ad8b05ef33722429f6adfa2c0068dead2923bd5,2018-10-08T11:59:38+07:00
OPENMEETINGS-1945,5325d0023a9b1530564999c260cf96f0add6dc22,2018-10-27T17:51:04+07:00
OPENMEETINGS-1703,3e27864e1f9d5637f80a7cce868392379db43fdb,2017-09-20T21:19:46+07:00
OPENMEETINGS-1703,b4fe443df00ff600811fd7294f32ec6dd3287730,2017-09-15T13:40:00+07:00
OPENMEETINGS-1946,a3242b37e4de20871d8ee800ef7d042ef9124ecd,2018-10-09T10:02:09+07:00
OPENMEETINGS-1946,4ff4b71e0efe26f07ee29640e07c8fcb62bf068d,2018-10-08T11:37:26+07:00
OPENMEETINGS-1705,b7e34958537abf571a06a88c116ea9afd95b25b1,2017-09-16T00:47:56+07:00
OPENMEETINGS-1706,6f9910fc6aa5cc837e2b449c7e07e38ef7b5d86a,2017-09-21T22:15:34+07:00
OPENMEETINGS-1706,cb0294886c3964db23f990c835b1a86db52ada0e,2017-09-21T13:02:35+07:00
OPENMEETINGS-1706,46b7fcdaabf66dcd35b08c5cdbc99f29f314016d,2017-09-21T11:17:05+07:00
OPENMEETINGS-1706,83b2790a7cafe2626e652f151e5641019f93f0ce,2017-09-21T00:55:13+07:00
OPENMEETINGS-1706,118823fe5761067ee5e2cc5eaa55bbc09daf2915,2017-09-20T19:09:15+07:00
OPENMEETINGS-1706,668e2d181fc7044c2272d7fe080117b5eb35dbd1,2017-09-20T18:46:03+07:00
OPENMEETINGS-1706,b630c8253d3fddc0e628b73358f0ee8bd542f63b,2017-09-19T23:39:27+07:00
OPENMEETINGS-1706,5ef585959b3394b379570a63e1883ffca696dd96,2017-09-19T20:28:40+07:00
OPENMEETINGS-1706,c253c573d34d2234f2ffc1c4d67526b3e984cca1,2017-09-19T17:06:51+07:00
OPENMEETINGS-1706,d7fe8012b17721b064fbc014b80928ea66d6f175,2017-09-19T16:27:51+07:00
OPENMEETINGS-1706,f7ba0e96ffbdbf35ada49da4b3d4985d76c88946,2017-09-19T15:04:13+07:00
OPENMEETINGS-1700,3e315721163a9f28567593a27debe5883eefd93e,2017-09-11T18:34:50+07:00
OPENMEETINGS-1943,5b2a8889c8687f98bd2e953e15a23a19d425d3e4,2018-10-01T16:06:07+07:00
OPENMEETINGS-1701,6fdcea2dba1b85fb782c82c4163636bd5b7e2d91,2017-09-12T21:01:08+07:00
OPENMEETINGS-1944,960d2fb2ef31d82b8556c0ec8c8ac2315cc6ba29,2018-10-03T18:11:07+07:00
OPENMEETINGS-1944,f36ae90fdc721ec7fc33710f4aab5ce9e361aa47,2018-10-02T17:10:54+07:00
OPENMEETINGS-1938,484ffbb9abf302c529611ae395589ebb1d51097e,2018-09-29T19:44:26+07:00
OPENMEETINGS-1930,bf4547fef400e354eab0a7b21f85f476d557d7b9,2018-09-17T23:35:32+07:00
OPENMEETINGS-1927,2a40233b0b79e1356ba58c6ca9a1ff7cfb15bfcf,2018-09-05T13:20:56+07:00
OPENMEETINGS-1925,97d664d197a0057d5c7c8883f7cad0ecb5c5dfe4,2018-09-03T21:11:37+07:00
OPENMEETINGS-1919,791af4ee0c9b7008f6ac6d80784994d115cf6452,2018-08-11T11:16:51+07:00
OPENMEETINGS-1919,13966ab4d49aab3e785089e8b3cabdc6d809c63d,2018-08-09T10:47:26+07:00
OPENMEETINGS-1919,0641d7a695c2d476c208e355903da783ec308d6b,2018-08-08T11:38:05+07:00
OPENMEETINGS-1912,4fb4fc9709fef90b679fda32abaa31051b071f1b,2018-07-27T14:56:51+07:00
OPENMEETINGS-1914,581f8ddfdbe22697e2b4dbbe930203a14a074cc5,2018-08-01T13:46:36+07:00
OPENMEETINGS-1911,1d5b11c1e96d6e20191a5226dac6ad53aea9cdc4,2018-07-27T11:10:17+07:00
OPENMEETINGS-1909,4d152beb54d1e0cf4fc226415bd1ed9016450276,2018-07-26T17:24:43+07:00
OPENMEETINGS-1905,ad0b633928b6eff402b608c8d755ec38cbd79081,2018-07-17T22:50:37+07:00
OPENMEETINGS-1906,84e497d45d63f630dd48a72c259c6ce6ac1648ed,2018-07-18T00:11:05+07:00
OPENMEETINGS-1908,81b633a1446d3c7c804374e60f3fb5707c3c6a5f,2018-08-07T13:08:15+07:00
OPENMEETINGS-1908,00d9b154b1957e61637048bd562ef0fbceaf5a57,2018-07-26T13:17:50+07:00
OPENMEETINGS-1900,b60ada388a5e39c79b596683eb17e4c3e3af2c5b,2018-07-16T16:54:43+07:00
OPENMEETINGS-1900,15ad811889afa69828c6d80020a34e9aab093a8a,2018-06-21T11:10:23+07:00
OPENMEETINGS-1900,3fd911be5352c432dc9964f61e727f5ce5b26240,2018-06-21T10:47:25+07:00
OPENMEETINGS-1900,a4c437507bd01084760a0d2c71ff12236e595a72,2018-06-21T10:19:59+07:00
OPENMEETINGS-1299,d448bf24087112a2a48a56f880aac57eaa36c339,2015-12-25T09:41:03+00:00
OPENMEETINGS-1299,ca31b611635dbde5ac83aa0b1ad0fdab2141a3d3,2015-12-15T09:49:06+00:00
OPENMEETINGS-1295,3cfc22a8e684b3a6a86969147879599bfd35d8c9,2016-01-21T06:55:32+00:00
OPENMEETINGS-1295,ff1e376fcd8bce2ba7720e1b3d1e1c0d76cb7df5,2016-01-08T13:33:39+00:00
OPENMEETINGS-1297,8b0dc76b94b55e6c10f974409af76283fc8348fa,2015-12-13T06:53:21+00:00
OPENMEETINGS-1297,be2c8e450b634992366abab4d82145d8c9d745e1,2015-12-13T05:54:37+00:00
OPENMEETINGS-533,563588791ebcf1a8618041f6ad7e4b5680bd4810,2017-07-11T23:41:50+07:00
OPENMEETINGS-2113,9b25bea0fe682e65a9da2166165605a765f5adf6,2019-09-20T19:26:38+07:00
OPENMEETINGS-2113,440d0c666deda99946aaeba58a1a9d5fe948105b,2019-09-20T00:05:38+07:00
OPENMEETINGS-1267,db07d92deebbdb7ccc517bb6afae659a521edf16,2015-12-15T18:09:47+00:00
OPENMEETINGS-2115,bba48c06df35dc3552d8c4f2c3a165793886c8b7,2019-10-05T23:17:02+07:00
OPENMEETINGS-2110,e373292dcbc1769717a14fb0b178efb99f87576e,2019-09-17T00:07:31+07:00
OPENMEETINGS-2111,80ed9d0bec11eab8b67caf313c52a38b6bd2385f,2019-09-13T20:51:16+07:00
OPENMEETINGS-508,142245fc91a8728922cd79fd4024903503b12a07,2016-08-24T03:04:30+00:00
OPENMEETINGS-508,aa88e98decac379766fc3c1efc9a005972908f97,2016-08-23T09:18:53+00:00
OPENMEETINGS-2102,7ae26f773f3d6e1421e48b5bf72e33b9899f7687,2019-08-21T12:02:34+07:00
OPENMEETINGS-1498,51315f2909f5d1cf80b984f95559acdac908d95c,2016-11-10T04:59:28+00:00
OPENMEETINGS-1499,6e72c855b3ddccca3327bd0c3a5b467e4e8c8d0f,2016-11-03T06:32:10+00:00
OPENMEETINGS-1494,1c8a9b8f6465963947e7fa054e604da989dd5893,2016-11-02T10:01:35+00:00
OPENMEETINGS-1494,dea77fd90d99931c7f769c7753a0b3eebf703d54,2016-11-02T05:00:55+00:00
OPENMEETINGS-2101,dccc4409159010ce1464647ae56c9a807dd9df87,2019-08-27T11:53:02+07:00
OPENMEETINGS-2101,51767fe31d7c848ea2c17ab77220771ea5d83c21,2019-08-21T18:52:00+07:00
OPENMEETINGS-2101,a5643aa7ba4d5e1899461e16c30f20d0862f718a,2019-08-21T14:22:36+07:00
OPENMEETINGS-2101,cce034e5e48924d0bb99ad4d61709b0cfd386f1b,2019-08-20T18:54:48+07:00
OPENMEETINGS-1495,89196b40de15d4e5cb821d1a765a0274a9632380,2016-11-01T07:40:14+00:00
OPENMEETINGS-1495,3ddf6e4aebc8c8b68d6833e9ce1d54141baf8b88,2016-11-01T04:53:29+00:00
OPENMEETINGS-2100,12ada9af3373e7786a16f27e93c61b6c4e21569a,2019-08-16T14:17:39+07:00
OPENMEETINGS-2100,b0326a69e19be41a300b8e5c34896a9b93edcd41,2019-08-15T15:01:05+07:00
OPENMEETINGS-1496,171ea6b1ba1cc9246e7cd5ee90130d1f7b24808b,2016-11-01T08:44:02+00:00
OPENMEETINGS-1491,e126f89361d545faabb5d93a309fac5fe12663fc,2016-10-20T03:18:35+00:00
OPENMEETINGS-1492,0325cf0b6972c7a7fd89f6864604a4f9f5ccbddb,2016-11-02T05:16:21+00:00
OPENMEETINGS-2106,f80511846c61beffe87d8c420d619a2b37f7dd4a,2019-09-03T13:41:10+07:00
OPENMEETINGS-1486,679269520e01343a16293904e6cfaddadeec1c6c,2016-10-08T15:16:37+00:00
OPENMEETINGS-1487,128691a8e970c3e696ea1530a837408785cc447c,2016-10-08T16:37:12+00:00
OPENMEETINGS-1489,307c6c756f9030b50fa097d8f8b3c3066a5bdcff,2016-10-11T03:30:14+00:00
OPENMEETINGS-1482,f5a898adc06b199cc769d0956ae6380d0a98314c,2016-10-14T02:22:50+00:00
OPENMEETINGS-1482,fb49270c00788cab17fb76a39d35db6d63696a66,2016-10-12T05:20:38+00:00
OPENMEETINGS-1482,25c738beb09f3135f2be79481c655944f5e802bc,2016-10-05T16:44:41+00:00
OPENMEETINGS-1482,1cc1ca06ec6d7687c53e03fb6df8fc64bc99f0e4,2016-10-02T04:00:54+00:00
OPENMEETINGS-1483,eeece8852819df7bb79bf5a272dd48b1ee3dc513,2016-10-07T02:36:59+00:00
OPENMEETINGS-1483,1b7c9c088485a32f0ce36f4997d8b0c57a66014b,2016-10-04T14:07:53+00:00
OPENMEETINGS-1476,68e2e2ceb599ffcc9f8afaa187e98bc02ae55d02,2016-09-26T08:25:03+00:00
OPENMEETINGS-1472,2f74398f7c149e6a5f59be17e0936e091ae28e72,2016-09-22T17:03:47+00:00
OPENMEETINGS-1470,949e89e565debeb683745898cac9c26df1fba8ec,2016-09-22T07:53:47+00:00
OPENMEETINGS-1470,f3a22dc2b8a7e728b1b56102c26917943da1310b,2016-09-13T03:00:06+00:00
OPENMEETINGS-1479,0af667596b5379892e52bcc53dfa504a14e0f227,2016-10-05T11:01:42+00:00
OPENMEETINGS-1465,61494f4f001a1596a65ead94c48e53444ec7ace2,2016-09-08T16:20:27+00:00
OPENMEETINGS-1466,bd41311642dd893c0d95c08d2ae526ff5a436775,2016-09-08T04:42:19+00:00
OPENMEETINGS-1460,5f87c1d2c327582d3760d1d52a42ea2b621f7568,2016-08-28T15:50:28+00:00
OPENMEETINGS-1460,588222e045198d3f508d3c7e2041c738b92972b3,2016-08-27T17:59:03+00:00
OPENMEETINGS-1461,739dcfbe43acba27620c74f24a48fcaeaf3154b8,2016-08-30T02:11:44+00:00
OPENMEETINGS-1468,9c7f4752a0b7900cc7bc932b581429c0985be6ee,2016-09-16T17:13:06+00:00
OPENMEETINGS-1468,b44fd739fb8320ac3599c9342323442319d73edc,2016-09-16T08:30:23+00:00
OPENMEETINGS-1468,3a7b994c6d905ec2215a82a3b9d9f3a3b44aceb4,2016-09-16T07:01:29+00:00
OPENMEETINGS-1468,5bb87612c0ec38b64dc5a77bd0aea34660ea9a82,2016-09-16T06:14:25+00:00
OPENMEETINGS-1468,bd7e63817621405a8a1cc3e51171d4975f916e7f,2016-09-16T03:05:59+00:00
OPENMEETINGS-1468,c572d45ba533b08220f50940b09a42b8b8883072,2016-09-14T05:24:18+00:00
OPENMEETINGS-1697,947aae60dde68eb8a033432fb3b587ccce7b7394,2017-09-11T13:13:05+07:00
OPENMEETINGS-1698,6b63ef8843fe990cb9b269a52c4472b9cc021c83,2017-09-11T13:37:37+07:00
OPENMEETINGS-1693,eb1aa0386c9e8d342cf85c75cd9db4f89d71ad5b,2017-09-07T16:10:45+07:00
OPENMEETINGS-1451,447986ea94b49e9708bf808ded7476389369d84b,2016-12-08T05:41:27+00:00
OPENMEETINGS-1451,b7ce286efbf2239016534fcf5a6c9f3e44a3822b,2016-08-18T16:38:21+00:00
OPENMEETINGS-1690,ad3a6bc4a83c311b924eb40e38c7467fbf1282bf,2017-09-01T12:53:58+07:00
OPENMEETINGS-1699,c5aa13d0c70db41b3641d40c11aef8f828a59c03,2017-09-25T15:55:07+07:00
OPENMEETINGS-1699,89751ba44084df58e7ea0c31e9375c7b6a88580b,2017-09-11T14:33:07+07:00
OPENMEETINGS-1457,5d08356192738ccc8aba4dc489b4132502b7cb29,2016-11-17T16:32:06+00:00
OPENMEETINGS-1457,23ebc615a75562f8fb3ee00f802be645d88bf92d,2016-10-15T12:25:33+00:00
OPENMEETINGS-1457,2136ec81b99f86c37598e12f25ac05e40e189f1a,2016-10-15T05:40:50+00:00
OPENMEETINGS-1457,6978a0a2b69dde2f1686e3071b93ae6c36a894c5,2016-10-14T16:06:51+00:00
OPENMEETINGS-1457,85ecf1841c68083d27b28a2401306a2e7e048b43,2016-10-14T13:19:59+00:00
OPENMEETINGS-1457,676bc02f26f6b7435c0f975b8243f6fd7f208cdc,2016-09-25T14:43:50+00:00
OPENMEETINGS-1457,226c12510ce45787b5ea9a296b71b90e157c2c32,2016-09-18T12:01:46+00:00
OPENMEETINGS-1457,ba7f9bc8a99d346405a968a29fa2eba4aa51d3e9,2016-09-16T16:55:32+00:00
OPENMEETINGS-1457,80e72852c1da3f8cc8b51d5ad76eb05931e38f48,2016-09-11T16:22:08+00:00
OPENMEETINGS-1457,256e5cd11e5af8f422688dfc1d01ac66b370d7a0,2016-09-11T04:50:07+00:00
OPENMEETINGS-1442,7cdf9ce7ea9198b60eb82bb1cbca3ded40c9c78c,2016-08-03T05:45:20+00:00
OPENMEETINGS-1443,5b582510eb19ce11154328cdda51faf18de4380a,2016-08-04T07:15:35+00:00
OPENMEETINGS-1686,a7171910520efa75eeb1f712eed18e082b649aff,2017-09-01T12:01:48+07:00
OPENMEETINGS-1444,a6a3103e69da00d337078cc2b5498eed696a562a,2016-08-08T03:54:38+00:00
OPENMEETINGS-1444,788ec1f8cd99b1f4174377f3c65f0032cf6c293e,2016-08-06T06:50:11+00:00
OPENMEETINGS-1682,d2a8e400355b89cb2476793d6329512a3b44eb22,2017-08-17T12:39:35+07:00
OPENMEETINGS-1448,c506b121238377104ea48bfeaa88c4cd126a52b7,2016-08-16T03:02:54+00:00
OPENMEETINGS-1673,0eaffd3a24e3a89d16f0c2261bee3efb6daddda2,2017-07-24T20:07:10+07:00
OPENMEETINGS-1432,d8124719d99b8fc37937486db39d7f91bc9b43ad,2016-07-07T06:45:22+00:00
OPENMEETINGS-1675,2689ffdd0ef7a261b28df03b0761f252fd4b9358,2017-07-27T23:11:10+07:00
OPENMEETINGS-1434,e17a79a4c0dab2360b21331e7cc60839043fdc90,2016-07-11T08:43:52+00:00
OPENMEETINGS-1670,083fa4fd99482c27e5617a2d2e5034fe1c736951,2017-08-08T15:34:02+07:00
OPENMEETINGS-1670,7efc237020cfae0a107a3ff792f427c4c94c53cc,2017-08-08T13:57:19+07:00
OPENMEETINGS-1672,9504ae3f4fa331afd8219b47717b8315a4c36254,2017-07-24T19:33:04+07:00
OPENMEETINGS-1677,62413cec6d2039058eebc92a264a54b4e4707377,2017-09-01T22:28:00+07:00
OPENMEETINGS-1677,176f3492b9486ed71d6570a9a918ebe75c37dc4e,2017-08-08T13:00:29+07:00
OPENMEETINGS-1677,1026f63abaa88d32191bde4940b9907c8a74fe87,2017-08-02T16:52:14+07:00
OPENMEETINGS-1677,22d0528d65e1904fb4177e74cc7243a883554d24,2017-08-02T16:12:25+07:00
OPENMEETINGS-1677,0e6b60a88a6181ad28ecc823c00ccc1ddff611bb,2017-08-02T14:13:30+07:00
OPENMEETINGS-1677,fa2a81eb92e1bd116ae81840f05874f811a764cf,2017-08-02T10:41:15+07:00
OPENMEETINGS-1677,9b8e1205c201f3ff96856318b18105f2a0edae76,2017-08-02T10:41:04+07:00
OPENMEETINGS-1677,1e298f7790a81a1ee4f2e3a721755ffc4327fec5,2017-08-02T10:10:38+07:00
OPENMEETINGS-1677,468ba673effa8e8889e439b20ee905bd6c748310,2017-08-02T10:04:36+07:00
OPENMEETINGS-1677,a26bd327767ed060e3dfc5caf959ffeee85fb001,2017-08-02T08:28:43+07:00
OPENMEETINGS-1677,19b702e3314a13c10bfdf02e36f9212bf881fcfc,2017-08-02T00:31:50+07:00
OPENMEETINGS-1677,3c39765d602a1d4ecd2defd687ddb1ea9d5243fd,2017-08-02T00:29:48+07:00
OPENMEETINGS-1677,13311304f8b6f79b1705361745f2089dece5130f,2017-08-01T23:09:49+07:00
OPENMEETINGS-1677,1147808ad868962f086d81b6772f91e2cc5a9e7a,2017-08-01T21:08:57+07:00
OPENMEETINGS-1677,a6564236574bfd19f66e588f4c3e68c3c07ac11c,2017-08-01T16:36:23+07:00
OPENMEETINGS-1677,5607b2a1e34d4b87e886de2536c6ba9b0d64b4f4,2017-08-01T14:56:44+07:00
OPENMEETINGS-1677,1abf6390e44b9a75a44d4fb56535202023236e58,2017-08-01T13:17:48+07:00
OPENMEETINGS-1677,fdcce6a20fbda46dc47b557b5be44b65801337d7,2017-07-31T23:15:19+07:00
OPENMEETINGS-1677,fb8e1d852671a6f2896c51312834205847c6f592,2017-07-31T20:37:41+07:00
OPENMEETINGS-1677,8421f819d72cc25ce62739a83c1288eccdfd1d46,2017-07-31T20:31:39+07:00
OPENMEETINGS-1677,bbcdbf7e044d2fd8ed2d1745cedd2e02c202ee3f,2017-07-31T20:30:54+07:00
OPENMEETINGS-1677,7e29189eb58ab3bae6ff542cc09797b53ff9e404,2017-07-31T14:11:00+07:00
OPENMEETINGS-1677,d4cc7b38ce476e5492e42ab4de17ba1e9e56aff9,2017-07-28T16:10:05+07:00
OPENMEETINGS-1679,68e54afc4ac24b7d54fb7fb6b12f00ae148608ae,2017-08-11T12:12:50+07:00
OPENMEETINGS-1438,0f13f79a768721e3d955c2a2f71a97b5dc0fd5bd,2016-07-26T05:34:05+00:00
OPENMEETINGS-1664,17922b6d9afddbadfbb4d7fe759ecb61f14eee62,2017-07-26T15:07:08+07:00
OPENMEETINGS-1664,9b05be58775741ff12100ada586be30601bbb55b,2017-07-13T16:15:28+07:00
OPENMEETINGS-1664,9446c1665262df73b134c623a02c14fffd916792,2017-07-13T10:32:23+07:00
OPENMEETINGS-1664,21ee0228844d80be77cc33e0b4d5691a1d217ce1,2017-07-13T09:46:48+07:00
OPENMEETINGS-1664,50e6b2b6dc943ff94d1dfe39bd2915aeaa440fad,2017-07-13T00:11:56+07:00
OPENMEETINGS-1664,8f5974fad8ae0f727d79272a5c098292e2ff9401,2017-07-11T08:22:56+07:00
OPENMEETINGS-1665,4262c72eee6e7b484743b83aaac9f62422c72ebf,2017-07-09T09:08:51+07:00
OPENMEETINGS-1665,5b89d22965fe06424e83c1ba98ac9f97803e54ef,2017-07-08T23:13:30+07:00
OPENMEETINGS-1665,f17fa5676ebaf0ad3b0660f46f742b079e0fa07b,2017-07-08T23:08:55+07:00
OPENMEETINGS-1665,35f1e2cc0cd7558dcde2e4ba9ab978b8da7424aa,2017-07-08T22:14:06+07:00
OPENMEETINGS-1665,06d42c9f4a93d4b3b4ab05c3936006a28fca6a1f,2017-07-08T21:53:45+07:00
OPENMEETINGS-1665,6aa0af767e9c672bc4f1458ced6746fcd04ff0d5,2017-07-07T10:05:49+07:00
OPENMEETINGS-1660,ecb78efdd23b651547c0de7edaf0ba9f737dfb92,2017-06-27T23:51:27+07:00
OPENMEETINGS-1666,76b5fd5eaf3567dfd302d553fdcced74089e1ba8,2017-07-07T17:14:06+07:00
OPENMEETINGS-1668,721dbb23fad512754bce6be02df1b0e1083a5a11,2017-07-11T18:57:15+07:00
OPENMEETINGS-1410,37b6276119f7b4472cae698929404ce13e1a9d08,2016-05-26T10:07:09+00:00
OPENMEETINGS-1895,9fc3fdcf32f64a050d65b9c3967e1b91bc326960,2018-06-01T10:55:34+07:00
OPENMEETINGS-1411,17d5471789d4e22cff578a9f9d5c17be2849e5a8,2016-05-27T12:43:41+00:00
OPENMEETINGS-1411,4c5ee638db422a0a7eb7d4e37a5b64ab36fb5352,2016-05-26T12:43:44+00:00
OPENMEETINGS-1411,0adc1fecef22f323bbdd44108010860343edbb4d,2016-05-26T12:39:27+00:00
OPENMEETINGS-1411,7b9c5f59ece76645b58b9d43fe089f4f6d8cdd0d,2016-05-26T12:33:52+00:00
OPENMEETINGS-1654,1f69011e2536f685b98d39ec9426cefbb1710e6a,2017-06-19T10:27:58+07:00
OPENMEETINGS-1890,540c6cb3c3753c1f9442a521c83c153d8feb5c50,2018-07-29T14:14:58+07:00
OPENMEETINGS-1890,12a3ce46b591ff649e861d0d24b933392e7425cb,2018-07-27T16:11:57+07:00
OPENMEETINGS-1417,e3f6f156aa35e16c8593d8c688ca160b1abc01ee,2016-07-14T08:45:24+00:00
OPENMEETINGS-1417,8c36f7b6d2b62621cfa1eceb9243668b181809ad,2016-07-14T07:48:32+00:00
OPENMEETINGS-1655,fe91d2e66cbb88440fbd433490a94bf586b4bdbd,2017-06-21T10:46:03+07:00
OPENMEETINGS-1655,1ec5e2840b16f7ceb111780d0c27564382a68989,2017-06-21T10:43:03+07:00
OPENMEETINGS-1898,f13d98d3c8a2d15fc2365df2b5b53246a122dc1f,2018-07-26T18:15:57+07:00
OPENMEETINGS-1898,723c8eb4134a85079f15df315573bb26aedca464,2018-07-26T17:29:32+07:00
OPENMEETINGS-1414,d24a0ebf168d8c3ef83882b7c8e8fa5197a2b13e,2016-06-03T06:04:54+00:00
OPENMEETINGS-1414,0a1433e4768121e9d3516c9f2f730564294758e5,2016-06-03T05:42:26+00:00
OPENMEETINGS-1414,b95be1735e4295aa01b4792753df7f977ea305ee,2016-06-02T17:49:34+00:00
OPENMEETINGS-1657,469ba45d13e2d65e2d2641e90e440dfa0c14e858,2017-06-22T14:18:12+07:00
OPENMEETINGS-1657,60a416be3801532374e195b2e7d85b36dfbfa39d,2017-06-22T12:54:13+07:00
OPENMEETINGS-1416,7031da6cab24c669f8ee617f362d426d69e3cd77,2016-07-17T05:32:35+00:00
OPENMEETINGS-1882,ec5a913eb3d22996fedd5594a48a6cf10d73e99a,2018-07-27T16:35:46+07:00
OPENMEETINGS-1640,7d80d7712ee36ee43d5295c740f458210e74806b,2017-07-01T21:36:03+07:00
OPENMEETINGS-1641,5b60f06f7c295e364ab46f6b11b87b17bcb172a4,2017-09-16T19:56:17+07:00
OPENMEETINGS-1641,f8f2799cb1b3a225998d3887f9468070d4d0a2e7,2017-09-10T14:37:35+07:00
OPENMEETINGS-1641,057719decc4120bebee5a18836398bebfc3f6639,2017-09-09T15:15:27+07:00
OPENMEETINGS-1641,1a4c483682100f8ca7016a730277a422181df070,2017-09-09T01:14:04+07:00
OPENMEETINGS-1641,49d0cf36efc6b95ab3324af6d6bd378a50f7af13,2017-09-09T00:58:20+07:00
OPENMEETINGS-1641,658f93073b2bed38343ba692bf775e4598608e37,2017-09-08T23:39:27+07:00
OPENMEETINGS-1641,bd3eed2e88cce4c1f9c4c3b4fed33366954b3ac3,2017-09-08T23:27:00+07:00
OPENMEETINGS-1641,81fa4d9cc50758e5baa101e02d0ceb849990793e,2017-09-08T19:24:14+07:00
OPENMEETINGS-1641,ed0a548606cc9a60d77b5016a0ef59520145463c,2017-09-08T14:26:08+07:00
OPENMEETINGS-1641,c0f1ac792b0ab0bb3f99c59d802493dbd2bed739,2017-09-08T00:17:52+07:00
OPENMEETINGS-1642,b1a44021176200ff8726674dd3fb94a356695770,2017-08-07T16:50:43+07:00
OPENMEETINGS-1642,c5cc6af49d7be87cf3b12758a2b903335cf8aeaa,2017-08-07T13:55:46+07:00
OPENMEETINGS-1642,cb3b99162d1f8f33431914bbd575ecbfb8243e48,2017-08-07T13:06:02+07:00
OPENMEETINGS-1642,c70d82e9358a0fce15539e0513cff664c1c5ba6a,2017-08-07T00:32:44+07:00
OPENMEETINGS-1642,601ebd27891cfe726e37f3b9a210fb4c30dbbce3,2017-08-06T00:36:54+07:00
OPENMEETINGS-1642,db57bb0eafe920b7f5c12429521be5fd06316f39,2017-08-04T17:51:38+07:00
OPENMEETINGS-1642,2b96f6c14e9918db9874c3db0e008abb2ea9d892,2017-08-04T15:48:28+07:00
OPENMEETINGS-1642,666b0558701c2248e176b2ad8cc175635fa6034a,2017-08-04T11:25:19+07:00
OPENMEETINGS-1642,29274d1ddb1e1e527c276dc7f92835a25b769c83,2017-07-04T23:06:55+07:00
OPENMEETINGS-1400,bcd83c91557641b0bb1a1da7a161dfdf62692dec,2016-05-13T12:48:09+00:00
OPENMEETINGS-1885,29837e0392546723cf42ffe84f2b449f3f8d8370,2018-05-10T21:34:19+07:00
OPENMEETINGS-1643,d0136edcbac2cd7ee763517f6425835404521b62,2017-08-08T14:15:18+07:00
OPENMEETINGS-1643,b4ed57b985d48f1794c71745531d61e54bf851bb,2017-08-08T00:22:44+07:00
OPENMEETINGS-1401,ca56b029b8d34d2e0f11ed35d3623ab4e3632452,2017-01-25T02:05:19+00:00
OPENMEETINGS-1880,1fb209e95f8224d2c6f98b67a1bc4a9fdf891a6b,2018-04-28T21:23:20+07:00
OPENMEETINGS-1648,f2a22dcd7c653a4e1489d0f2445c09bd2c1417ec,2017-05-22T14:27:17+07:00
OPENMEETINGS-1406,7e03ed4b5664e66a736b01a45a9aa90411e5794b,2016-05-19T12:06:55+00:00
OPENMEETINGS-1644,d12cf904e3328aa835317cbee37d542aaa547a21,2017-09-22T12:29:37+07:00
OPENMEETINGS-1644,0bf05e68a221151464d2c061760aa069841fb67e,2017-09-07T22:51:38+07:00
OPENMEETINGS-1644,af2425ae9f676ccc9eaa290aaf830ab2efb63f80,2017-09-07T19:18:02+07:00
OPENMEETINGS-1644,125ba15dc96021cffd8603bf898419478b08d1f1,2017-09-06T07:16:48+07:00
OPENMEETINGS-1644,f18eb8bdfc6f0cc92bc5b7631420ee49453ac609,2017-09-06T00:04:30+07:00
OPENMEETINGS-1644,465f1ac1ac1f169ab310fe2f9512bfa895d74255,2017-09-05T22:02:00+07:00
OPENMEETINGS-1644,af05e4132dcbce9087661297925be79bbd1fa531,2017-09-05T20:58:12+07:00
OPENMEETINGS-1644,ffe78cd20db0b47770de64911b199d8e5a640e18,2017-09-04T23:25:37+07:00
OPENMEETINGS-1644,f5de9c6f752b044fa9291c416544edad52378de0,2017-09-04T10:48:30+07:00
OPENMEETINGS-1644,8645ff5456ec7c3d7bf76daf28b107c209a96d24,2017-09-03T22:14:17+07:00
OPENMEETINGS-1644,9989606d6e0975f3057bfc66f919a87f9b90d661,2017-09-02T21:21:33+07:00
OPENMEETINGS-1644,d74a46a35b816b1f3e0724077ce1f90ea3b3f83f,2017-09-02T13:00:53+07:00
OPENMEETINGS-1644,d76d05be704d74f657f34aca4c9da6ccc9f7d1e0,2017-09-01T17:10:40+07:00
OPENMEETINGS-1644,b62b8abcab5f6d5bf2b1327ffb80478a021b5ad0,2017-08-29T00:44:51+07:00
OPENMEETINGS-1644,42c1aad6f8cd664f40f57fb17399b34b5247aaa4,2017-08-27T23:06:35+07:00
OPENMEETINGS-1644,15b17b1da117d66f7222363fa98adac710832390,2017-08-26T00:20:22+07:00
OPENMEETINGS-1644,2e073a782211d47b0a774f9852fa91d059de1281,2017-08-25T22:40:25+07:00
OPENMEETINGS-1644,75849c0243ed5a8e2f1cc796e803879fe3635190,2017-08-25T22:30:47+07:00
OPENMEETINGS-1644,3e2d9d72d9877439255156efd546c099aa1103dd,2017-08-25T18:17:56+07:00
OPENMEETINGS-1644,53ce7cf03921b20fd579b9768cf5034899c82330,2017-08-25T09:06:27+07:00
OPENMEETINGS-1644,8914bf4c2df07aec080cb200eb522cfd1f2cf520,2017-08-25T08:54:38+07:00
OPENMEETINGS-1644,613083228c4f835e9fe71aaf72fd6284470ae9b1,2017-08-23T22:41:57+07:00
OPENMEETINGS-1644,b871206243bcedca2986d2783382bd892cb89a39,2017-08-20T15:11:33+07:00
OPENMEETINGS-1644,a86a6551b753212b36e84729055e5d496896faa8,2017-08-20T14:31:35+07:00
OPENMEETINGS-1644,5a269bd79fdbf2437007c4548d0d7de41ddb0ef5,2017-08-15T22:27:47+07:00
OPENMEETINGS-1644,be174911ab38732078cb3e420b1979ad1e240010,2017-08-15T12:25:13+07:00
OPENMEETINGS-1644,9445be321f8ae4682a0e8eb1ebf7c8b2df46529f,2017-08-13T21:12:46+07:00
OPENMEETINGS-1644,3f0e571baab49cdcf2a829aea3759aaae0d0f82c,2017-08-08T11:46:00+07:00
OPENMEETINGS-1402,8708b9fb362cefc3e9613fdaccbea5044f98d1f4,2016-05-18T04:25:44+00:00
OPENMEETINGS-1888,790f664e810fddfb891c952860c0dfde5b24d8b5,2018-10-24T19:48:26+07:00
OPENMEETINGS-1646,0d32d43df98d52707d211e7afb2dd366fc6fd486,2017-07-01T20:15:39+07:00
OPENMEETINGS-1646,85502430e06d32eb59d5c5243d71c3c99eb3521b,2017-06-30T20:43:56+07:00
OPENMEETINGS-1646,75d3be4f41b94f54969ac28e9fbf0adb1376ad16,2017-06-30T19:29:12+07:00
OPENMEETINGS-1646,c4474197221728255c3dd5ebf164464a32eb6bee,2017-06-30T15:32:44+07:00
OPENMEETINGS-1646,661d6410a3b1dde1044144b9bd2e61e354df82d1,2017-06-30T14:57:06+07:00
OPENMEETINGS-1646,117e8d6bcef5a17efdb4287a20ad6b7e1daf7049,2017-06-30T12:46:47+07:00
OPENMEETINGS-1646,42c33d1be36e9a8fddc9475b837dc669f4bdd35f,2017-06-28T17:19:42+07:00
OPENMEETINGS-1646,ae96bf58fd0824f4ecfa5925cf7a33c108680611,2017-06-23T17:17:37+07:00
OPENMEETINGS-1646,c1122318dd57e5e1dda6269f112cec5199134427,2017-06-22T23:54:13+07:00
OPENMEETINGS-1647,ad7d14ca8a7bf11a802e6fea0f1572c3f91c5a33,2017-06-28T23:55:28+07:00
OPENMEETINGS-1630,1123594551871c32565e1529b8f914787b78af4c,2017-04-18T17:51:44+00:00
OPENMEETINGS-1631,ccca6bdb3dbf812f6bd23a2ea764e05073a78ebb,2017-04-19T03:29:00+00:00
OPENMEETINGS-1870,cc63ec8a8ff2b44acd21e9b999a16eb37eba1ab2,2018-10-18T18:55:20+07:00
OPENMEETINGS-1870,7b8fa97176b895a0e3bc90eb3dc65e4c0c55717f,2018-05-10T21:06:47+07:00
OPENMEETINGS-1870,ab81113a03771266f2d076a8c882b0b31c4d0b9d,2018-04-25T23:34:09+07:00
OPENMEETINGS-1638,6600a6bf6830bd5b40a66076be04db49b7a7445b,2017-08-31T23:34:24+07:00
OPENMEETINGS-1638,2a08f01b228d4e7c4832eccd009f23f514dab4c4,2017-08-31T15:42:44+07:00
OPENMEETINGS-1638,5fd782fcbf365dbaf54b09a26dd978ba403662c2,2017-08-31T00:13:12+07:00
OPENMEETINGS-1638,9e30dd6aaf585dba2f4aba755e32eeae9be026a0,2017-08-30T11:20:13+07:00
OPENMEETINGS-1638,6d4cfc758f1d9475db9abdd9310738dc5e68d8d2,2017-08-30T10:58:19+07:00
OPENMEETINGS-1638,89d5984355e1a802c015d1c4d54d78976830ad41,2017-08-29T12:06:39+07:00
OPENMEETINGS-1638,86b3ccca8c244f5fef155e65432ec1a58e2ba77a,2017-08-28T19:19:19+07:00
OPENMEETINGS-1638,66f3b707b25dce0a32355c97b4ae7bb4bfa4522c,2017-08-28T14:53:07+07:00
OPENMEETINGS-1639,17f3204a8a8aa8553bdf2deb97646537c4a325f7,2017-07-11T19:46:36+07:00
OPENMEETINGS-1639,dd043e06962a4d3f57290f6bc6414b06b14ed1c2,2017-07-02T23:03:34+07:00
OPENMEETINGS-1639,568c47ac6249f832d629b988f22cae5fefb383db,2017-07-02T00:19:04+07:00
OPENMEETINGS-1876,af17672e0a12c84e0aaf6a956399e443a35391f8,2018-06-26T17:06:21+07:00
OPENMEETINGS-1876,031c3e93971d818692f5e68673cf0418286b026a,2018-06-16T20:54:49+07:00
OPENMEETINGS-1876,1e2e0c0d1681154bc1d9d978ffad1925523244d9,2018-06-16T19:41:21+07:00
OPENMEETINGS-1876,fede7d56622b1a8b970430b22f465e188a49244c,2018-06-10T20:43:55+07:00
OPENMEETINGS-1876,6129c94072137865a65372f86e7b2d551d012088,2018-06-03T11:35:24+07:00
OPENMEETINGS-1877,44b417d6d9529a76f868bb53b6ac2b4a0cf64cdb,2018-04-25T17:24:18+07:00
OPENMEETINGS-1877,77eee951186414b77a216b9b47a1215aeb32d02b,2018-04-24T21:29:27+07:00
OPENMEETINGS-1878,bc5c0798f712b6290f8cb467c3adf7f55e8c04a2,2018-04-25T10:31:41+07:00
OPENMEETINGS-1620,89b00fdc38dbd058a0690c1b80243a894d25b93b,2017-04-02T03:39:12+00:00
OPENMEETINGS-1624,b63f9dde6a13a6b899cb84d3c611670556b6f8cc,2017-04-08T10:25:17+00:00
OPENMEETINGS-1850,1f02d02b696824b08cf22a8c36952554977b169b,2018-03-19T12:51:39+07:00
OPENMEETINGS-1850,52a0e04d14d2fb6d6ef9f77719d80ba5674aebc3,2018-03-15T17:28:50+07:00
OPENMEETINGS-1850,3013951a43f78e73df282450d3a31965af51a0f8,2018-03-14T17:15:50+07:00
OPENMEETINGS-1850,3122b13cdb5a5c5d6d2242e36bf6fea7690eb974,2018-03-14T10:56:22+07:00
OPENMEETINGS-1852,395353df4346c5f0a6d46663c7ee98e75b0db9ce,2018-03-16T20:47:39+07:00
OPENMEETINGS-1610,d006c543215cb72a1a131f9ffd8a075319d63b8b,2017-04-02T14:31:10+00:00
OPENMEETINGS-1610,cf1a11f0b921528a4e46b4e2ffbd7848cd21a437,2017-03-25T08:15:19+00:00
OPENMEETINGS-1857,21081be30154421aa235c4c66dfbca4b2cb412de,2018-03-22T21:12:12+07:00
OPENMEETINGS-1857,9e93ededc9d06a3886d3b378f030315d999bc3af,2018-03-21T21:07:16+07:00
OPENMEETINGS-1616,6b3596a5baffd69361d2ae7525954ffa79f62f16,2017-03-30T09:06:27+00:00
OPENMEETINGS-1616,6acd5d80783bc974c389458d6c1ce75814493417,2017-03-30T05:13:05+00:00
OPENMEETINGS-1853,27f700e7d70ea42ccd3fb2da29fdd50d6bacca0d,2018-03-18T00:17:51+07:00
OPENMEETINGS-1611,3871076b4e088824dc872bacc0530747165803d8,2017-03-24T14:17:32+00:00
OPENMEETINGS-1840,03a660054a72151c1f96b30d988f668f46106785,2018-03-08T19:06:27+07:00
OPENMEETINGS-1840,efd244453b68950a18c2e1baf3a32685809332ab,2018-03-08T19:06:09+07:00
OPENMEETINGS-1841,1551a65f76d25709f984e64416d989ac4213b765,2018-03-08T18:34:24+07:00
OPENMEETINGS-1841,3bfeb10f58d27fe5c82d10c9af1508144158aa4d,2018-03-08T18:34:05+07:00
OPENMEETINGS-1849,5333ccc59d5044a90d46f74fe857467df97c5049,2018-03-12T20:26:12+07:00
OPENMEETINGS-1600,306703cbe651e1f9a6dcc5b3bc391a8f966841cb,2017-03-14T03:57:55+00:00
OPENMEETINGS-1601,4edb19da734ebaa19a648d7f5913d917aebe3af2,2017-03-14T16:52:27+00:00
OPENMEETINGS-1603,31e4a064e016e6fe04d7621cf7f44e5497e8a64b,2017-03-16T03:45:20+00:00
OPENMEETINGS-1830,ca61e92fb4f511a131a8a32d208e9264195322f4,2018-02-13T12:26:46+07:00
OPENMEETINGS-1836,5d79dbfedafdf1e7a2ced46467b1c02686d67e62,2018-04-02T19:20:19+07:00
OPENMEETINGS-1836,e1190b6ca3e4005c91f6a018674cbfca6e1cba66,2018-03-30T13:09:01+07:00
OPENMEETINGS-1836,09340dc0bffd6be2b10261d25aeb2c68164b0e3c,2018-03-30T00:33:35+07:00
OPENMEETINGS-1836,ede1870e5aefbb10e0afad7d4fba242ecef3bd87,2018-03-26T22:53:48+07:00
OPENMEETINGS-1836,6eac1a67205cd12fa831bd18a120a6ecc7fb0abd,2018-03-26T17:40:28+07:00
OPENMEETINGS-1836,464575ea5b541248ca0044c74764d685d5e8188d,2018-03-12T22:28:45+07:00
OPENMEETINGS-1836,cdcf9b2b958db54de99397ab0990fa75fca055cd,2018-03-11T21:15:16+07:00
OPENMEETINGS-1836,57f3873fb2326ef68fc9f9b041f1e9b2df2dbf1f,2018-03-11T18:52:55+07:00
OPENMEETINGS-1836,b0d77a67ea50885145e998066bcbc1645d0bd626,2018-03-08T00:48:48+07:00
OPENMEETINGS-1836,52f2fa3da9b56932321c6986238390b75e138da2,2018-03-07T22:11:24+07:00
OPENMEETINGS-1836,0024edf13f396b48908b64af5fd0e4174ecc0b78,2018-03-07T22:11:03+07:00
OPENMEETINGS-1836,82951c0ab8237254c88e61e844b0ae7c4f6d8e49,2018-03-07T21:32:31+07:00
OPENMEETINGS-1836,b200a54fcb1eae62cd7be89e11b32593878c7ade,2018-03-07T21:31:47+07:00
OPENMEETINGS-1836,21dc9b9560e956457cbc88baf61d887b503ff6ec,2018-03-07T16:04:55+07:00
OPENMEETINGS-1836,5aa47cbd28c0a5bf03bc0b209c45bdc50f3b125a,2018-03-07T16:04:38+07:00
OPENMEETINGS-1836,ad0ed6611b85a1cf02149ae3d758a9ef22dd74ae,2018-03-07T14:10:06+07:00
OPENMEETINGS-1836,1ca1bc545634bc755c48c29556a4d8ea78940d8c,2018-03-07T14:07:12+07:00
OPENMEETINGS-1836,2390579ee54d625b81e09145e4b7394b50ce73c6,2018-03-07T11:53:32+07:00
OPENMEETINGS-1836,bb3432587e27c4c4dd92bf788101753e3dfdb224,2018-03-07T11:40:08+07:00
OPENMEETINGS-1837,2b75a6173c6a5b835e28436684f8806a9d675f05,2018-03-08T11:12:18+07:00
OPENMEETINGS-1837,15822a7549bc8b644bd1bb751fde4f14479e7a55,2018-03-08T11:11:43+07:00
OPENMEETINGS-1832,c050c7c3eae2bab3a89e0ae25d519461073e3123,2018-02-14T23:52:58+07:00
OPENMEETINGS-1829,a4269b9ef348a00b208a0da0f48f20ea0ad90878,2018-02-09T13:29:30+07:00
OPENMEETINGS-1829,67a14b9622efdf4f70ad140ca8c863d45d2c8ef0,2018-02-09T10:50:57+07:00
OPENMEETINGS-1820,8694dbcf7faa5da278d43a779c2e69c538d4af3d,2018-02-08T10:59:46+07:00
OPENMEETINGS-1820,b28731cb57e3d376d57faee8af7297481d7a9330,2018-02-03T01:14:09+07:00
OPENMEETINGS-1820,e6372f70a9bb9069203071b20d07d9c62f37d5f2,2018-02-02T13:23:31+07:00
OPENMEETINGS-1820,cc3a22c80193eab505c64b1551127a661f04e948,2018-02-02T12:50:10+07:00
OPENMEETINGS-1817,ec650ba4eb667a606e4b8b9c7fa31e869b6a78d0,2018-01-28T10:01:16+07:00
OPENMEETINGS-1809,3396e3aca1b03da7891209b34ecefcaaa81a22f6,2017-12-29T11:11:40+07:00
OPENMEETINGS-1802,ed420eb5c846b7406442c884e887426ff339db70,2017-12-25T00:09:43+07:00
OPENMEETINGS-1801,02fac132c8b873861f1b30094fbd801ed6c3b9c2,2017-12-27T11:29:09+07:00
OPENMEETINGS-1801,ba3e110660b9a22a79c012f527799d59bac7e11f,2017-12-24T16:41:28+07:00
OPENMEETINGS-19,0e0c280d6c8c3da551cf045f1d014001433ecc3d,2017-08-07T16:12:43+07:00
OPENMEETINGS-2099,01d71d7ccea916ef57dbd60ca7ad46c252b05df4,2019-08-14T23:52:11+07:00
OPENMEETINGS-2098,812574b8af8c19f7e4c7dc32a57223b438ef28ad,2019-08-08T13:21:30+07:00
OPENMEETINGS-2098,95d7936271c2c59ee5295ea9bff1e4f5e16ddb4d,2019-08-08T13:02:36+07:00
OPENMEETINGS-2088,c1296354360d393181ecc900164feb64d7c0f65e,2019-07-19T11:47:30+07:00
OPENMEETINGS-2088,bf23713acfd7439f820fd536ebe7e50a75e8ac9d,2019-07-18T20:45:38+07:00
OPENMEETINGS-2087,05ec20ab184f4c0341e0f3d2c184731cc8a0effe,2019-07-18T22:01:17+07:00
OPENMEETINGS-2079,7b8b6c74c828c7922d0c3c5ae460799702d9f67a,2019-07-08T23:21:16+07:00
OPENMEETINGS-2071,6a3e6fa4fd18d48f050d2abfb452ad904a0e7cfc,2019-05-24T10:51:31+07:00
OPENMEETINGS-2071,916beb16b472493c86e982ea3e29eb2ce7a3dd3c,2019-05-21T17:14:38+07:00
OPENMEETINGS-2070,87d47c5948bb62e3705ef509267655cd1d53dbb3,2019-05-15T16:52:51+07:00
OPENMEETINGS-2062,6aa4756dad5d0e8f02f0cec85541e37914fc26f7,2019-04-26T16:22:30+07:00
OPENMEETINGS-2062,53e87dc2103f92430ac2bac8ec793645668ea5e7,2019-04-26T14:16:38+07:00
OPENMEETINGS-2055,fd6ef3ff5742eb87cd255a944354fb435df5bdf3,2019-06-06T12:38:26+07:00
OPENMEETINGS-2055,2dbf90dfca04a2a0b3cfa076b68bf9645ecbd464,2019-05-29T11:22:17+07:00
OPENMEETINGS-2055,816e337aa6a3ae1039de4daa2ae209b157b1a426,2019-04-26T13:25:51+07:00
OPENMEETINGS-2055,a04efadd08d23cbc97a32f4d2a5de9951f46cb98,2019-04-26T13:21:53+07:00
OPENMEETINGS-2055,705cbe340e97e6cc9c60207739d8bdf6787a930b,2019-04-11T19:31:06+07:00
OPENMEETINGS-2054,d249c5b2ca0e4d0c6ae72f4626856434f16d0922,2019-04-17T15:04:26+07:00
OPENMEETINGS-2054,f3cd01be1fd09f97b759c84d5b1d2d9c68ed75b2,2019-04-10T21:27:00+07:00
OPENMEETINGS-2057,4253d29595c59b18f775ebf9c1033dd8b74ddf98,2019-04-15T11:44:22+07:00
OPENMEETINGS-2046,44d09ae6ebe1a3cca602f87899915b90fd4f1186,2019-03-25T13:54:59+07:00
OPENMEETINGS-2041,118c861ecc8cae3c3add16d5b9fadb1eeefc8248,2019-03-25T14:30:51+07:00
OPENMEETINGS-2035,3513c7f995aeb57c720d00bd0219c8eda6d3fc29,2019-03-21T20:45:23+07:00
OPENMEETINGS-2035,e06c8a3db2c02d216d0140473601d235e30cc94d,2019-03-21T12:39:27+07:00
OPENMEETINGS-2035,399b42fb632210a19f523a282db4e113c9b28d83,2019-03-16T13:53:51+07:00
OPENMEETINGS-2035,d9ed884e92e6dab53f1ef05d85fbfa472e3f1ac4,2019-03-16T13:03:14+07:00
OPENMEETINGS-2031,80b3cb663e6073bd9e45be1cd2eab3139227c217,2019-03-09T21:13:05+07:00
OPENMEETINGS-2030,02389df1963b9f9bf36afeb0fb566cdd3111be33,2019-03-07T22:09:05+07:00
OPENMEETINGS-2025,a78146b282085a112fdd5527ed6a908a232f02df,2019-03-08T22:58:53+07:00
OPENMEETINGS-2025,0914fddbbdd2cb50b55091e42ae75e9f75239827,2019-03-07T23:34:02+07:00
OPENMEETINGS-2028,ef930b6579ef880bd0d9faa19446f8a39e1137b3,2019-03-19T12:59:34+07:00
OPENMEETINGS-2028,2be9a202ce84b1ffb5b65d3f1f40ecf770edac48,2019-03-18T12:13:35+07:00
OPENMEETINGS-2028,27b88477337ebdf2692433debcdcaeccc000f4c1,2019-03-07T00:04:45+07:00
OPENMEETINGS-2024,a2c0657b142ad760230ff6c8ef59d9e47da03e21,2019-03-05T17:47:39+07:00
OPENMEETINGS-2023,1b7c2b2b9691968535a22204d3fc0e471a2fa4aa,2019-03-04T22:50:00+07:00
OPENMEETINGS-2020,c76999c192ae42b9b14d247405b1ba24f2111081,2019-02-28T23:48:31+07:00
OPENMEETINGS-2029,5c7a3547b18dc98bf9e9d3ff13bf1cbbfeded566,2019-03-15T10:24:19+07:00
OPENMEETINGS-2029,c7a823d0b25effc17385723c9e9a79c04d1be199,2019-03-13T16:03:22+07:00
OPENMEETINGS-2029,89c610cbccda581a6ff01e7119952136d1ec9a7c,2019-03-13T12:43:05+07:00
OPENMEETINGS-2029,a5fb3ae0e1cd0cacb2355a5c918859cbf5691a29,2019-03-12T23:47:47+07:00
OPENMEETINGS-2029,8600fdb6beb04ff72d3cf6ec725c3f0d2a428e9f,2019-03-11T14:21:05+07:00
OPENMEETINGS-2029,8d8fac9ac567b167b2d91c48273dbb5666ae6d71,2019-03-11T14:02:54+07:00
OPENMEETINGS-2015,7df4cd90a1385ee55dec2a8fc95b6de676c6e56e,2019-02-13T08:37:52+07:00
OPENMEETINGS-2015,ae060157f2e88a200292d2d1f3f8e6ae852b31d7,2019-02-11T22:38:44+07:00
OPENMEETINGS-2014,d04e3dc6d8cae00905c8ad9de9f3a3f0c81e153a,2019-02-11T14:26:18+07:00
OPENMEETINGS-2017,d79e9affc7aebc1c180e9f4901d0b54ea80f8e4a,2019-03-01T14:45:50+07:00
OPENMEETINGS-2017,9787b39e6cd607d016e1aad3574c13411dc0c086,2019-02-28T23:34:03+07:00
OPENMEETINGS-2018,4ecd41c8fe33e6f21a6e258c75b3d3f7265bc74e,2019-02-27T20:53:16+07:00
OPENMEETINGS-1399,fa6fc5a4aec2024b05415b5de169cf28ac0c5322,2016-05-12T03:19:10+00:00
OPENMEETINGS-1396,fbcef2f23f28b8f9033e54523b8280b7dfeaee7a,2016-05-10T06:03:26+00:00
OPENMEETINGS-2008,467faece48c246a191f8c5d9c709b31f91da51a4,2019-02-11T15:01:35+07:00
OPENMEETINGS-1384,092e3b4bf82c732e528d7e105d8c6dc1a6124939,2016-05-21T04:57:42+00:00
OPENMEETINGS-1384,1e2d813a1367d82d5dce45fac8d6d474c3d6bbda,2016-05-20T09:51:08+00:00
OPENMEETINGS-1384,930694c76a935a80c7990db3fe9afcdda0616055,2016-05-17T17:47:05+00:00
OPENMEETINGS-1384,9e356658868ffeaa0b811ccfea32e99e06f5e639,2016-05-12T16:25:15+00:00
OPENMEETINGS-1384,23ec91e727e0b7196852b2413bf7d4eea25d60bf,2016-05-11T17:50:22+00:00
OPENMEETINGS-1384,343918292c8413d8263b6782b89e40aae75d5bd8,2016-04-29T17:04:41+00:00
OPENMEETINGS-1380,a8be2eaee66b1e6f7a277ba5abe686dc2811b010,2016-04-27T08:48:43+00:00
OPENMEETINGS-1377,0924cca070b44edf50d5c1c2b4747dd8c0444e24,2016-04-22T01:27:27+00:00
OPENMEETINGS-1378,29cc41dd212447b698922fdf1732808dd06301e1,2016-04-26T15:00:10+00:00
OPENMEETINGS-1379,a1b572e3d7073eef5cb195f81333525efc2e343d,2016-04-26T14:54:55+00:00
OPENMEETINGS-1370,18ccc8ee5d93ff6eeebeccafc38a5e9ab45d41b8,2016-08-03T16:31:17+00:00
OPENMEETINGS-1354,fbab8891d96f3352c37f1be303d9c9a685aa6847,2016-03-24T17:02:47+00:00
OPENMEETINGS-1597,7e87d34b01c6aad42b0a583d7452b991c71e909e,2017-03-09T07:58:13+00:00
OPENMEETINGS-1355,8ddc1caf8ce15b6caa7e45505c6b18bfdafc6746,2016-03-24T17:06:48+00:00
OPENMEETINGS-1598,a261a9ffe8f4d7e5876060bbef4bd66103796aca,2017-03-10T11:57:32+00:00
OPENMEETINGS-1598,dad9e4159c2baed4e675c6c634203da0b8d95ea8,2017-03-10T10:19:06+00:00
OPENMEETINGS-1599,7a5adc61f61b439c4f63c52e970360d9888e1799,2017-03-11T04:41:08+00:00
OPENMEETINGS-1599,3d076451f177b918599545b5db19f8c2cb5b670e,2017-03-10T14:33:11+00:00
OPENMEETINGS-1592,c72719858f1a7c67e12dbd0a3fb3391a900cc72a,2017-03-07T05:45:39+00:00
OPENMEETINGS-1350,5c95c1ef162ccff6de35595c29a354944e6b5560,2016-04-02T05:58:44+00:00
OPENMEETINGS-1350,b549b609b6eb8231f8ecb6464641613be8bc5434,2016-03-31T13:27:59+00:00
OPENMEETINGS-1350,792120a57352c01ef7fc2ac04f13ab796a4b8b41,2016-03-31T11:28:41+00:00
OPENMEETINGS-1351,3614f7229e580ec57d27860574503f34a5e52b19,2016-03-17T05:22:14+00:00
OPENMEETINGS-1594,4b238a5663df1c4ee67418c66f3a8f27751910a4,2017-03-09T03:06:32+00:00
OPENMEETINGS-1595,3eb0fec6aaf87be7f1c4f8264413f8b486f82cc6,2017-03-17T05:07:08+00:00
OPENMEETINGS-1595,0a410f36e85e1bdbb22ee07050bf35029c20b84f,2017-03-17T04:39:40+00:00
OPENMEETINGS-1595,200345533f77a3e3599b6c63d357d50e4c1d18b0,2017-03-16T04:36:08+00:00
OPENMEETINGS-1595,6b95362c73647f2fc611f70076f30c4d05c0a8bd,2017-03-10T05:28:43+00:00
OPENMEETINGS-1590,3b0240ceed0c3f2e97ac65b77683db0a9752ec1c,2017-03-06T07:36:09+00:00
OPENMEETINGS-1591,90d5f73f9493fd17e61e9d1b5033b8d95a4b7e38,2017-03-07T05:18:55+00:00
OPENMEETINGS-1358,895b40bb492b4e33cec449840f2011825d52916e,2016-08-27T06:14:24+00:00
OPENMEETINGS-1358,134775959cc45d3dcda33e36121a71fbf283327c,2016-08-27T05:47:55+00:00
OPENMEETINGS-1358,f9465fc5be615c70077658aa6fdab166427161f3,2016-08-27T05:27:52+00:00
OPENMEETINGS-1358,7a4fcdb143c48428f5f3d251b048d2c8ccd9878b,2016-08-27T05:17:33+00:00
OPENMEETINGS-1358,74674af1491c479e839c07e361a21ebb01adb637,2016-08-27T04:26:50+00:00
OPENMEETINGS-1358,228e668c1a17c9959086bddd0d92028158405a28,2016-08-17T07:35:54+00:00
OPENMEETINGS-1358,6ee7e5a407bdef9aa468bfd924391d0b1d786150,2016-05-18T11:31:35+00:00
OPENMEETINGS-1359,03f5931689c844ce90d6c4d83bf42117f695abde,2016-03-31T09:35:26+00:00
OPENMEETINGS-1585,aa19e3fc5bf19c767d5536b4f2a7a64ca46e2efe,2017-03-06T08:10:52+00:00
OPENMEETINGS-1343,57fe369df5b9c61fe063641060511e9200ed24fb,2016-03-06T07:41:59+00:00
OPENMEETINGS-1586,c882597a613689f7dd4754015639759ded5f8266,2017-03-06T05:17:26+00:00
OPENMEETINGS-1344,c4083548480b4f482f34c419dda825c8f7ea8636,2016-04-11T05:55:17+00:00
OPENMEETINGS-1344,8b3f95e6a326f20fe2edeb29d5d3a7221fb7ca6c,2016-04-11T05:38:22+00:00
OPENMEETINGS-1346,a73ec08ae9a9181598a30a09b80c47790dcb9abd,2016-03-11T13:17:04+00:00
OPENMEETINGS-1581,012aa44cf1f5b3a47f94253a0a4776d2f5196f7c,2017-03-06T04:04:02+00:00
OPENMEETINGS-1341,1a243915c4d7909e0cdc75ff479723d73f815239,2016-03-07T17:46:08+00:00
OPENMEETINGS-1342,fc32de07dcc2130c48a55330c82901062f4de6c8,2016-04-01T05:03:57+00:00
OPENMEETINGS-1347,58871c4f9a28979e7ed753116d85e5b41d7d9e3c,2016-03-13T09:15:25+00:00
OPENMEETINGS-1348,6136e0c24e6ee03a20058b5ab9df2ef6b030da77,2016-03-15T04:22:38+00:00
OPENMEETINGS-1349,a6fa023214abbed3fde76730d46a34492a316aed,2016-04-04T05:45:45+00:00
OPENMEETINGS-1574,1943c6c7806255abba9d21561d3556fe098b177a,2017-03-01T08:45:44+00:00
OPENMEETINGS-1574,ab5c71091ae2ee1e6538632cf6e01ab8298cf2f8,2017-02-27T11:50:18+00:00
OPENMEETINGS-1574,4c27dff64669a7021f0cdc9ec3e0a6e139f6d194,2017-02-23T11:11:03+00:00
OPENMEETINGS-1574,16ff7fd2f5096d15d30670c6d1eefcc67756192a,2017-02-23T04:43:16+00:00
OPENMEETINGS-1332,a867bcc5e5dd644106c1ec79b0f7d4610b0fa185,2016-02-25T07:00:28+00:00
OPENMEETINGS-1332,939e3f86e75b511cd1b5f85f591bc31fb383993d,2016-02-11T10:42:33+00:00
OPENMEETINGS-1333,8f0316b75f0870d50cab37bcd0d00eea92e0d49b,2016-02-25T09:41:30+00:00
OPENMEETINGS-1334,31cb2204b5d4950e208c7b0a2a75dfe8d0a33101,2016-02-25T10:42:02+00:00
OPENMEETINGS-1577,769c062ef510c102ed660b768c0c56a8aaa10bb0,2017-02-25T05:49:07+00:00
OPENMEETINGS-1335,4a152758785eb192d548688dad647d0f90f4d5a8,2016-02-25T17:39:04+00:00
OPENMEETINGS-1570,1e44a7d2566efd8e21a908e0b179f5e3f16aa60c,2017-02-21T16:26:26+00:00
OPENMEETINGS-1570,0ca99b81197e603300317b2da94cfbd477e467de,2017-02-20T15:43:49+00:00
OPENMEETINGS-1572,946d2a614a9e58d5161c87fcdde864b0d890a276,2017-02-22T06:02:13+00:00
OPENMEETINGS-1572,6395e9a1f3b87229c443b91f338a6bc25e6dc343,2017-02-21T07:50:05+00:00
OPENMEETINGS-1330,c32a7f5aad13399af4239446dc494d2d7e0d2da0,2016-04-01T05:18:39+00:00
OPENMEETINGS-1331,f480188ee1a9ecc1d3dae6e5df47d74c210f3e6b,2016-02-11T06:42:47+00:00
OPENMEETINGS-1578,5968a16a174604ba5d7c2352a7f11950e3845f5d,2017-03-06T08:38:28+00:00
OPENMEETINGS-1336,5fb90b43c86f516fb392d70a598a57a0dd85f13b,2016-02-26T12:17:12+00:00
OPENMEETINGS-1579,4f9bc683d08c659820aac0cc999848257da5ba8d,2017-03-01T07:19:54+00:00
OPENMEETINGS-1338,233dc4c32afa9c2ae80a7038c8397603fbff261a,2016-02-28T07:45:04+00:00
OPENMEETINGS-1339,a3d818c68cfac06850b713950a794551fe1299d9,2016-03-06T08:01:21+00:00
OPENMEETINGS-1563,fd2a86558155f7d9849d964147b70745910600f7,2017-02-17T07:24:43+00:00
OPENMEETINGS-1564,98065f0466ca955f4c36af3ae30cbab20538c98b,2017-02-17T07:45:32+00:00
OPENMEETINGS-1323,c43bf7b5aa58e080714e411e9a68ef30999756b4,2016-02-09T04:19:15+00:00
OPENMEETINGS-1560,be09c19e9ebc442e6fa7e8d38490d665b67a7198,2017-02-16T13:11:32+00:00
OPENMEETINGS-1560,4ef32bd0ce29385ab874db5104950c7f8de45f06,2017-02-16T12:58:34+00:00
OPENMEETINGS-1561,1011202de8484f499cf9e09ae92aeab3af9bd0fe,2017-02-16T13:43:24+00:00
OPENMEETINGS-1562,b971273d0ae12c0622f379195b13d2c4243e4c50,2017-02-16T15:08:02+00:00
OPENMEETINGS-1320,370f608c637266b9bec3f4d18add85c53f5a097d,2016-01-29T05:12:12+00:00
OPENMEETINGS-1329,2a8bfed7a89681d1200ae77f06bb5155b81f0324,2016-02-11T10:50:24+00:00
OPENMEETINGS-1569,e32ef0506a178e38e30e0a89ab786a562a373429,2017-02-20T09:58:01+00:00
OPENMEETINGS-1310,9c9b301eced98cd4432e838e87ed452ab685ad8c,2016-01-20T07:13:06+00:00
OPENMEETINGS-1310,c83928a948be51f284502eacb989a3c9015ed3b0,2016-01-14T18:12:01+00:00
OPENMEETINGS-1553,1167a49c2c93d54684be067681e1e90c3922507e,2017-03-15T05:38:48+00:00
OPENMEETINGS-1553,c551fa422b529ffd8b2f28a8822f295be070b083,2017-03-01T07:52:23+00:00
OPENMEETINGS-1553,c97016e36879de58f27a77b16091c62826fbbbac,2017-02-28T05:10:04+00:00
OPENMEETINGS-1553,7eb7c572adabde262bd420ac88fb3e48edc11e93,2017-02-28T03:39:54+00:00
OPENMEETINGS-1553,aed3a95a9fd8e5010e7c02246c632f0e8b89ffa9,2017-02-27T09:59:36+00:00
OPENMEETINGS-1553,6265219262978ff260843d45da3a5c9577472583,2017-02-17T11:42:07+00:00
OPENMEETINGS-1553,3a4c259ddac418997767c560635595b0f6f9ca77,2017-02-17T07:34:28+00:00
OPENMEETINGS-1553,a2a2caf02cfcc8bd34f5f505af93012ef5466eaa,2017-02-17T05:55:26+00:00
OPENMEETINGS-1553,0655dd46edb361edf6512755173457fd4ec62ac2,2017-02-16T04:15:27+00:00
OPENMEETINGS-1555,40c6e8aaa0be65574017278908a16e6cb294fdfd,2017-02-15T03:01:20+00:00
OPENMEETINGS-1550,b162575fdb9cdee0a93069643aec5fca2e13893d,2017-02-13T16:51:10+00:00
OPENMEETINGS-1799,bdfbdc80a4b1a07d31d93d89c266474f211e3999,2017-12-21T18:28:31+07:00
OPENMEETINGS-1316,70fda8760b4413c4acf673b0cacbf03f612d8e79,2016-01-27T03:03:39+00:00
OPENMEETINGS-1316,fadfa54be045300ae9aa79c3f457774ccfcd6d7c,2016-01-26T09:57:16+00:00
OPENMEETINGS-1317,b784b54df6c05c9a31716273d432749d362fb4c7,2016-01-26T14:31:36+00:00
OPENMEETINGS-1541,14af4ad737a4251e7b02ca321165fcfe4e1fe706,2017-01-25T14:55:08+00:00
OPENMEETINGS-1541,b0f5d57c058415c4eadd2d636534550b51f8cedb,2017-01-25T12:02:26+00:00
OPENMEETINGS-1541,8b4f358c0374ba1ff06b1eada824682720970145,2017-01-24T17:38:20+00:00
OPENMEETINGS-1784,8ab7b62dc32be8b2522890aecdc96e1f05c1964c,2017-12-12T18:12:50+07:00
OPENMEETINGS-1784,0a29d8e0094afd4288ae967d767650bb567222aa,2017-12-12T12:31:16+07:00
OPENMEETINGS-1542,bcb4626e9cb68753973dad05ea0ec151671fadef,2017-01-25T04:32:55+00:00
OPENMEETINGS-1785,90a07234b989256050680ddda84334d5b3e7333e,2017-12-27T10:30:33+07:00
OPENMEETINGS-1785,4fe5705f16607b83f3f9cb572d4800663446691c,2017-12-22T18:00:32+07:00
OPENMEETINGS-1543,f517ffbe68327846a5f602f0c473f06e26d3dc89,2017-01-27T12:22:21+00:00
OPENMEETINGS-1543,c4f149fdbf8e4f4ae2b3e9c90641f122dadf3721,2017-01-27T10:01:04+00:00
OPENMEETINGS-1786,9da34b53675072f13f9dd02af8ce333f292fb239,2017-12-20T18:47:32+07:00
OPENMEETINGS-1781,54b876080e32356ffaaacc26c5b7931cf19c96c8,2017-12-24T22:52:21+07:00
OPENMEETINGS-1540,5c1a4a0755f3a9dfbffa71f75131bd20005781d8,2017-01-21T03:43:30+00:00
OPENMEETINGS-1549,3a355d3688002c6f43db0d4027fbe384fe483fee,2017-02-05T05:42:50+00:00
OPENMEETINGS-1549,81ad2c7a8047e95205a4bc612af8acb9c12a1fd4,2017-02-04T01:32:59+00:00
OPENMEETINGS-1308,06fc6149183df2731ca38e7fe2055f24faaf2e00,2016-01-12T07:28:18+00:00
OPENMEETINGS-1308,c9c32188b79e7292fe4aa59cbe44a345ad05d788,2016-01-09T06:54:39+00:00
OPENMEETINGS-1309,aa1b0156e70e988faa2765ae89f0513cb0beac6c,2016-01-13T11:03:40+00:00
OPENMEETINGS-1303,3f117b19dcca4dba7fcbc36e18567336ec9952dd,2015-12-22T02:38:22+00:00
OPENMEETINGS-1303,d1840f45add30f21726a4afb9e2cd22ca00d440e,2015-12-21T14:03:03+00:00
OPENMEETINGS-1546,0bd1a8f6779b96897b7ee389b9adcd5a403056b1,2017-02-02T13:10:43+00:00
OPENMEETINGS-1546,5b833281354ba0ca78b67a7b1cdb3273ffa5bd9b,2017-02-02T12:18:49+00:00
OPENMEETINGS-1546,35e7f1781640a365f2fd210c515b774eb319e1d6,2017-02-01T06:33:02+00:00
OPENMEETINGS-1546,014c313882fdfd445e2cd4e3a140edd9fbdaa3e1,2017-01-31T17:37:55+00:00
OPENMEETINGS-1547,8afb5c5a9819b079d6bc05ae10c4b3b7ea2d588a,2017-03-08T15:04:23+00:00
OPENMEETINGS-1547,385be749867c7e30674c94859bdd1bd468987bc6,2017-03-08T14:21:52+00:00
OPENMEETINGS-1548,d331d2249237911b5fbf248e8056be5c9315228a,2017-02-05T15:46:17+00:00
OPENMEETINGS-1548,2031d540ffa80ddfac20968d39c769dfd8331a1d,2017-02-02T10:03:15+00:00
OPENMEETINGS-1772,cff9ca0cf063909afa275b314d63029c4d2d9d77,2017-11-26T23:54:50+07:00
OPENMEETINGS-1773,ad8a59d7ba992204453bbfc4c4adfbd88f379543,2018-01-12T12:59:21+07:00
OPENMEETINGS-1773,f7cad78647f9900baba39912c233798083217700,2018-01-12T12:38:40+07:00
OPENMEETINGS-1773,949269da1f92c14b3e6a0579130434fdaf790cef,2018-01-11T22:14:58+07:00
OPENMEETINGS-1773,8c3ea9d79364e739e28cf30f99bb35e6ac5cc870,2017-11-29T21:44:10+07:00
OPENMEETINGS-1774,26b3b6a4bc5dfb940317e056f024e48b7aae1fc9,2017-12-03T00:55:57+07:00
OPENMEETINGS-1774,145a70018fff7568892d5a0aa04a5be6f64deb95,2017-12-01T18:07:55+07:00
OPENMEETINGS-1774,043bd85e86d94432d23cd8b733f3d7e1d7da4956,2017-12-01T11:01:12+07:00
OPENMEETINGS-1774,5dc0540e7fb84fc608614b2ea7930df61635f1bf,2017-12-01T00:24:00+07:00
OPENMEETINGS-1532,1a4b4f34ba119d969485d06b4dc83c70dcaecbe7,2017-01-18T18:16:12+00:00
OPENMEETINGS-1775,8ecd1353b38c8576bf575f86f4f2a489898d60c0,2017-12-26T18:45:50+07:00
OPENMEETINGS-1775,e15564d0c969b8dea7431cf41ca4af67736e6cf0,2017-12-25T23:31:45+07:00
OPENMEETINGS-1775,a5b2c4b33787edeefd465c8c88ff240149a06f7f,2017-12-25T22:21:07+07:00
OPENMEETINGS-1775,3b274b6fa89f2f50f4ab8d337389c7e2b6c5a521,2017-12-25T20:36:19+07:00
OPENMEETINGS-1775,ca9a6e36edf0c49626cbdb59ed95a83c753b07c9,2017-12-25T17:33:28+07:00
OPENMEETINGS-1533,809635129be459c2f48352f0129aaa5f8c7398bf,2017-01-23T14:50:48+00:00
OPENMEETINGS-1533,d73089288b5bd77edb178d69ef59668d361af1f6,2017-01-20T16:45:00+00:00
OPENMEETINGS-1533,a397fda22d3892d1ee745d2f2f096c23972b1809,2017-01-20T05:53:40+00:00
OPENMEETINGS-1533,a0d31fca901ef02eb0f5bf39bd846609fe3ec8a6,2017-01-20T03:23:09+00:00
OPENMEETINGS-1533,7ec135dd631def0038e55ab89f92ac5512ce2e2b,2017-01-20T03:01:21+00:00
OPENMEETINGS-1533,ea11de1fcd42f7e47845a2fa043bf59dde74cce9,2017-01-19T05:41:22+00:00
OPENMEETINGS-1770,b5ee48604fdfc6dd8a01c19508951565c9b1ad51,2017-11-24T18:20:43+07:00
OPENMEETINGS-1539,d2e7f5f287fba851443c7a7904def94e73cb4194,2017-01-20T12:40:36+00:00
OPENMEETINGS-1776,0bb1537d1f5d8d7ee3bd3a723cf45eb32de4414b,2017-12-10T16:37:34+07:00
OPENMEETINGS-1776,c55bd6c52265e82cd643713dda9fcae9c76c1c11,2017-12-10T16:37:19+07:00
OPENMEETINGS-1534,e43201c839367d39f57f15f00d53f44dbe7e4200,2017-01-19T14:54:34+00:00
OPENMEETINGS-1535,de88a32cea33fa7428db8ede7d39c736b417110d,2017-01-19T14:45:20+00:00
OPENMEETINGS-1778,91c1c8484afc7e8f9a805f6fb572c701c92270ea,2017-12-10T00:40:33+07:00
OPENMEETINGS-1779,e18e84ef9d57738c836718aab2502c77ecd16fbc,2017-12-09T15:46:06+07:00
OPENMEETINGS-1761,6683e8b21ab7829aaa55e0f92cbd33ba4aa64e2d,2017-11-18T18:55:05+07:00
OPENMEETINGS-1762,ac49e09cc42ba1a23c6aa828b074fb80c3b0574c,2017-11-19T15:40:49+07:00
OPENMEETINGS-1521,e9d7cbe25dea62031ad71b2c14ce225b65e1223d,2016-12-19T14:33:32+00:00
OPENMEETINGS-1764,bd81bd0f46d993cf8040b58efcf384dc948c5300,2017-11-20T11:41:36+07:00
OPENMEETINGS-1764,279ab67eeb3643a1ecef0f5400776eadecc2533a,2017-11-19T21:44:18+07:00
OPENMEETINGS-1760,77b2af6dafceb3bbad60bc5ac76951648c2cae4e,2017-11-18T13:51:05+07:00
OPENMEETINGS-1769,0747e6b1042672000223d4ff8f7b266741e4b0e3,2017-12-05T22:11:19+07:00
OPENMEETINGS-1769,87038cd4fe393bc0a456a76824c0dcfb782b4f96,2017-12-05T11:52:18+07:00
OPENMEETINGS-1769,08c09833b2bbed6ebf89f5de2c26cb9c3b3db77c,2017-12-02T15:30:15+07:00
OPENMEETINGS-1769,27bb1b7832aa17bad0666755b08b3f76e455284e,2017-12-02T14:26:17+07:00
OPENMEETINGS-1769,1dac652bd8cfc0632ed2aabe1d9db2d6112b1008,2017-11-30T13:47:42+07:00
OPENMEETINGS-1769,53747e5486a1a6600fdcd7665d40c79af9734742,2017-11-30T00:09:39+07:00
OPENMEETINGS-1769,1e187997812fa88e7e10c41192e8a2a71a3c970f,2017-11-29T19:13:45+07:00
OPENMEETINGS-1769,fc50ade045c477e6f84c215fdbc52692df067ebe,2017-11-29T13:34:51+07:00
OPENMEETINGS-1769,8a3db428c63b6ec02be875c3e6525c76a14fdc0c,2017-11-29T13:31:54+07:00
OPENMEETINGS-1769,45d39c19bae75065daebac23f02be7c825b20600,2017-11-29T11:21:53+07:00
OPENMEETINGS-1769,408a23d2ec765a0c988557eccf578f21060afd52,2017-11-27T20:47:56+07:00
OPENMEETINGS-1769,1bd789e15a8958cef6d41d828538faeab9a87722,2017-11-24T19:18:19+07:00
OPENMEETINGS-1769,43698eccc99b5180a851e25e748941cd8de1844c,2017-11-24T10:31:14+07:00
OPENMEETINGS-1765,770b970e95fce53775040d690c0e665f7df68fe1,2017-11-20T16:19:43+07:00
OPENMEETINGS-1766,c5bd5f4da7fb2d0aacb39e7333850943bcdcb5bf,2017-11-20T19:03:16+07:00
OPENMEETINGS-1524,8ddb2df3c6ee7a4c7aa80cf764c736d6d8d2c3bf,2016-12-22T10:17:22+00:00
OPENMEETINGS-1525,3a4022dcff1625db5f1ae950e6ff491107547e37,2016-12-23T16:22:26+00:00
OPENMEETINGS-1751,987ca57cf48544990975ffcaa64e8afd2e812bc4,2017-11-10T11:33:18+07:00
OPENMEETINGS-1752,802f55cbf9561a7aa53b198780b4996338bf0821,2017-11-10T18:57:26+07:00
OPENMEETINGS-1752,59202efa089bf749b5a1abf758353386e12ca3df,2017-11-10T11:55:23+07:00
OPENMEETINGS-1753,1aea2d13aae3232354493e809e80e0e58537f85b,2017-11-10T15:58:22+07:00
OPENMEETINGS-1511,3296b3848f9499e1afc46ef2d163c320b3969c1c,2016-12-02T13:32:33+00:00
OPENMEETINGS-1991,eb5815486f659aae03cb69e7b6f679e968cb14f8,2019-02-09T14:00:52+07:00
OPENMEETINGS-1991,fdb7002100a93f0886dd5b7e049cfc196969fff2,2019-02-07T21:50:30+07:00
OPENMEETINGS-1991,f1a72b18b196f03eaa8d4ba2bba4cfbe5ff6c04b,2019-02-07T18:09:24+07:00
OPENMEETINGS-1990,8380e4da65a9d38bfe55aa4f413b43318df0aed0,2019-02-11T17:39:59+07:00
OPENMEETINGS-1758,ff6803b6ec7cc068476374110c555c70184f4904,2017-11-19T15:21:32+07:00
OPENMEETINGS-1758,f9f3ed68adb4775e19afafb00123074924c5416f,2017-11-17T14:22:59+07:00
OPENMEETINGS-1758,ef5407e833852e6fe3c22d344f6c51f93351df8d,2017-11-17T14:18:04+07:00
OPENMEETINGS-1758,2fa0be15266dfd8588ae6ce98411d1be179827cb,2017-11-17T12:33:48+07:00
OPENMEETINGS-1758,ed2ef5d3b853fa9dccfbfd4c9922c426c37923fe,2017-11-17T10:49:28+07:00
OPENMEETINGS-1759,56616a63a575c0bbab073e955e4bb3b743992740,2017-11-18T20:45:47+07:00
OPENMEETINGS-1518,34abc27d8e2b1cbfc31b97b634349769c05ef8d3,2016-12-09T17:15:02+00:00
OPENMEETINGS-1518,70a3134f9549493eec3cb356601b42435e19a368,2016-12-09T15:36:52+00:00
OPENMEETINGS-1518,06131f4a98bddc783676a9adae9bc3eb92d87dec,2016-12-08T04:31:20+00:00
OPENMEETINGS-1518,6a2772f5656fc3c52d50e8a73b90d8dacb671ead,2016-12-07T05:44:52+00:00
OPENMEETINGS-1755,27d276c7fa570130ec35a6ff233ec572b03c565c,2017-11-15T00:08:55+07:00
OPENMEETINGS-1513,4e1a840662d95c48cdfc1f97cfabef507210ad14,2016-12-08T04:40:26+00:00
OPENMEETINGS-1513,255c5f91cf20bfbd8631cbcf010d0076f8ba6735,2016-12-06T13:57:32+00:00
OPENMEETINGS-1513,7a05811f92218a5cf31137056c30ea6c7ac0fb6f,2016-12-01T04:09:12+00:00
OPENMEETINGS-1513,f05c4b0fcf6d003e5f157171da51d10ddb959155,2016-11-30T08:15:21+00:00
OPENMEETINGS-1756,c28ae3823c6eec5b19c85a2bd8aff299a227cda2,2017-11-20T23:38:04+07:00
OPENMEETINGS-1756,99fc6c864f9cd372aa0e17819e296e79ac7f1c6e,2017-11-20T21:18:01+07:00
OPENMEETINGS-1756,76cf0e507f0fd52c8559fdc73d60d5354306864f,2017-11-15T14:01:07+07:00
OPENMEETINGS-1514,fba4e78ba01e110b808e41bd4f54a68c442f086c,2016-12-01T08:14:19+00:00
OPENMEETINGS-1757,3d58d78a717252f1f6c5612e89ad5d1050617ec6,2017-11-16T11:30:09+07:00
OPENMEETINGS-1981,c33f9134e6c7b238a2876ed858cada0d93eef9a9,2019-01-25T17:36:18+07:00
OPENMEETINGS-1981,0806f8dd2aa34bd4c3ea7ddac1f7e9ba3c5c870d,2019-01-25T16:45:08+07:00
OPENMEETINGS-1983,f2b0273e270ecf8fbbd79e23e2f4a74c56dbb009,2019-01-31T22:33:53+07:00
OPENMEETINGS-1980,c5c18412897879017fad279a19f2f1d5b1c9bcf9,2019-01-19T20:59:37+07:00
OPENMEETINGS-1509,a3816ac688c636880a2e7c4f94cbd7964ee3769f,2016-11-17T03:41:48+00:00
OPENMEETINGS-1747,8c04ed41b2267f7d7e0cb71b35c4b689abf19cfb,2017-11-08T16:48:06+07:00
OPENMEETINGS-1747,95d1d87a57265f1a6dc465aea324167e723d43d6,2017-11-08T16:42:35+07:00
OPENMEETINGS-1505,b3937f5524f9b4311bf44a29f52a820f4701d38c,2016-12-27T04:10:30+00:00
OPENMEETINGS-1989,96d56b46ee54a25a9fef68175068fc21795a83e0,2019-02-10T23:14:09+07:00
OPENMEETINGS-1989,485a2d171b167912a089581567728fe0bfa7ddb4,2019-02-10T16:11:54+07:00
OPENMEETINGS-1749,f60c88e4ae3846f7667d1be70201020783b759aa,2017-11-10T13:54:01+07:00
OPENMEETINGS-1749,fbbd84f64b3832bd07c8211c83cc4ca5710be7d3,2017-11-09T14:15:53+07:00
OPENMEETINGS-1508,a1b69ae6bc38aba0134fbbf9538944fb04c6ae31,2016-11-22T16:20:08+00:00
OPENMEETINGS-1508,506f9e280a03959220fa88eb89e5e4229e99e8f3,2016-11-16T05:56:36+00:00
OPENMEETINGS-1508,188780e29e226a97bdc6082ccf31c01b084da55b,2016-11-16T05:18:32+00:00
OPENMEETINGS-1986,f559182790deb61c60d8bcda16d7d39439184ec5,2019-03-05T17:52:56+07:00
OPENMEETINGS-1743,435c350a97fda4c3c6d1d498a9b977828a4c0784,2017-11-04T20:19:22+07:00
OPENMEETINGS-1502,5c33efac597d900af1e869de25cb1de1c9f02824,2016-12-05T14:58:13+00:00
OPENMEETINGS-1502,edc2ea80a0da2072739681c12263145d82dfb317,2016-11-15T04:47:51+00:00
OPENMEETINGS-1502,b075156565dc5e9c4f71ef49b95b3f4a0912b836,2016-11-08T13:09:24+00:00
OPENMEETINGS-1988,461393f5d8a323c3db142bcb7b10af9b5914ca8c,2019-02-13T19:07:42+07:00
OPENMEETINGS-1988,8009a740cac9ae4c68919514bf9c2be30fe1367e,2019-02-13T16:50:58+07:00
OPENMEETINGS-1987,601e319df119ae202ca5933f5b9e2ffa39594572,2019-02-11T12:13:08+07:00
OPENMEETINGS-1504,1fcfddc917c7dd4d35f8a663e7d7a409473e6120,2016-11-15T04:33:17+00:00
OPENMEETINGS-1504,95adc2342274cf60d9c8f8be4f0d0358771f224c,2016-11-14T08:06:25+00:00
OPENMEETINGS-1731,139f1c83319d74e38bb4d27251c75d91b76aa955,2017-10-30T11:19:02+07:00
OPENMEETINGS-1979,f2d349d17218bd1a794b43bfe7baa50d3cfb3ee6,2019-01-15T12:48:49+07:00
OPENMEETINGS-1979,cc11dc160f518601f19a833cd5bc44912a14e4bc,2019-01-15T12:11:36+07:00
OPENMEETINGS-1737,ce5acd5885d3da0d25444b0a20f879495ab00454,2017-11-08T13:32:11+07:00
OPENMEETINGS-1737,c648c9d775ce4a422a36df9b69e57d2bfda9ceaa,2017-11-03T16:24:34+07:00
OPENMEETINGS-1732,2f124e5a44c2280eed90f20db1913ac6114cddad,2017-10-30T11:52:21+07:00
OPENMEETINGS-1974,7dcba4990799dd99553106282a335e80f24dc5bf,2019-01-02T16:43:44+07:00
OPENMEETINGS-1734,f5d753d0160917d22ece8916778b1865d8ded6d7,2017-11-02T14:24:45+07:00
OPENMEETINGS-1976,235da96574357c75f62a8bc72ec8a203d3b185da,2019-01-08T20:24:49+07:00
